Channel,Egypt Publisher Eligibility,Payout Method & Threshold,Royalty/Net Economics,Upfront Cost,Operational Status,Egypt Account Note,Overall
KDP Paperback (Amazon.com),Yes – Egypt listed as supported,"EFT/wire no threshold for direct deposit, $100 check",6x9 120p $7.99-9.99 net ~$2.5-3.4; flagship $4.5-5.0,"Zero upfront, 40% royalty after print cost",Existing bank account configured – test with first title,KDP supports PayPal NOT supported; bank transfer works for Egypt,Operational
Google Play Books eBook,"Existing account – but new Egypt sign-ups ★ only select partners, not accepting new【4292124685785627036†L204-L206】","Wire USD ★, $100 threshold",70% of list minus? Delivery fee model – eBook $2.99-12.99 band 70%,Zero upfront,Existing account grandfathered – verify payout works,Bank account must be in supported payments country list – Egypt is ★ USD wire – so payment possible but via USD wire,"Existing account OK, new account not possible"
"Draft2Digital (aggregator to Apple, Kobo, B&N, OverDrive)",Yes – international via PayPal,PayPal/bank $100 threshold,70% retailer then D2D 10-15% take,$20 activation + $12 annual if <$100【1525751626207646080†L38-L40】,Useful for Apple/Kobo without ITIN,Supports Egypt via PayPal,Viable aggregator
Kobo Writing Life,"Yes – authors from 157 countries incl Egypt, worldwide storefront for Egypt【6844602916312531874†L5-L7】",Direct deposit/PayPal,70% net,Zero upfront,Reach 190 countries,Egypt can publish via KWL,Viable direct
Apple Books direct,"No direct – requires ITIN, US tax; via aggregator yes",Via aggregator,70%,Via aggregator fees,Via D2D,Egypt via D2D,Via aggregator
Barnes & Noble Press,US-centric but via D2D,Via aggregator,70%,Zero,Via D2D,Via D2D,Via aggregator
Etsy (digital printable),Yes – Egypt* eligible via Payoneer【8661375740138428411†L30-L32】 – requires Payoneer wallet【5945840026960695009†L32-L34】,"Etsy Payments via Payoneer, payout schedule",90%+ after fees,$0.20 listing + 6.5% + payment 3%,Etsy Payments available in Egypt via Payoneer,Egypt via Payoneer Payment Account,Operational after Payoneer setup
Teachers Pay Teachers,Yes – Hyperwallet lists Egypt per seller reports (needs verification),Hyperwallet PayPal/bank,55-70% after commission (30% premium/45% free),"Zero upfront, commission",Strong for education bundles,Hyperwallet supports Egypt,Viable
Creative Fabrica,Yes – PayPal,PayPal,Revenue share subscription model,"Zero upfront, share ~50%",Original vector/pattern requirement,PayPal supports Egypt,Viable if original assets
Payhip/Gumroad,Yes – PayPal receiving supported,PayPal/Stripe instant,95% Payhip / 90% Gumroad after fees,"Zero upfront, Payhip 5% or 0% on paid plan",Best for B2B toolkits $19-49,PayPal Egypt receiving OK,Operational – zero cost test recommended
IngramSpark/Lulu,Yes – international,Wire/PayPal,Lower margin after print cost,Setup $49-99 often waived,Only if KDP expanded insufficient,Supports Egypt,Defer
