Candidate_Code,Search_Date,Query_Phrase,Marketplace,URL/ASIN,Observed_Metric,Notes,Source_Link
BOOK-01,2026-10-07,beekeeping log book,Amazon.com,B0C47LSDD4 Gardner,BSR ~40k-217k $9.99 100 pages,Comprehensive log,https://www.amazon.com/dp/B0C47LSDD4
BOOK-01,2026-10-07,hive inspection log,Amazon.com,1070700622,BSR 1.53M $6.99 145 ratings,Old journal,https://www.amazon.com/dp/1070700622
BOOK-02,2026-10-07,boat maintenance log book,Amazon.com,B08FPGHWB8 Boat Galley,$45.69 5 logs in 1,Premium competitor,https://www.amazon.com/dp/B08FPGHWB8
BOOK-05,2026-10-07,sourdough journal,Amazon.com,Sourdough Baker's Journal Feb 9 2026,"BSR #196,478 / #1,140,648","New entrant, 745 results for sourdough journal",https://www.amazon.com/dp/B0C...
BOOK-06,2026-10-07,RV maintenance log book,Amazon.com,B09K1TWT7S Bressler,198 ratings $8.99,Dominant hybrid Trip+Maintenance,https://www.amazon.com/dp/B09K1TWT7S
BOOK-07,2026-10-07,HVAC maintenance log book,Amazon.com,B0GQDKYV3L Kelley,BSR 150k-350k estimate,Service Calls Series,https://www.amazon.com/dp/B0GQDKYV3L
BOOK-08,2026-10-07,road trip activity book kids 8-12,Amazon.com,Happy Fox Books,"#1 Children's Travel Game Books #1,070 Books 786 ratings",Seasonal peak,https://www.amazon.com/dp/...
BOOK-11,2026-10-07,rental property maintenance log,Amazon.com,B09P8BW8CJ RNT&R,#299 Small Business Bookkeeping ~150k-350k BSR,Ledger variant,https://www.amazon.com/dp/B09P8BW8CJ
BOOK-14,2026-10-07,chicken record keeping log,Amazon.com,B09SF4PNPV Max Barnes,"#276,076 Books",4-Year log top performer,https://www.amazon.com/dp/B09SF4PNPV
BOOK-16,2026-10-07,aquarium maintenance log,Amazon.com,Saltwater Aquarium Log,"#9,952,342 Books #3,129 Fish",Very low velocity,https://www.amazon.com/dp/...
BOOK-17,2026-10-07,fishing log book,Amazon.com,B0FWRPVVF6,"#1,103,686 Books #1,288 Fishing",Long tail,https://www.amazon.com/dp/B0FWRPVVF6
BOOK-18,2026-10-07,bird watching log book,Amazon.com,B08YS637MX Naturageek,"#102,629 Books #261 Bird Watching 39 ratings",Best in niche,https://www.amazon.com/dp/B08YS637MX
GOOGLE-PLAY,2026-10-07,supported countries Egypt,Google Support,EG row,"Seller sign-ups ★ e-book only, Payments ★ USD","Existing account grandfathered, new sign-ups not accepted",https://support.google.com/books/partner/table/6052428
ETSY,2026-10-07,Etsy Payments Egypt,Etsy Help,Egypt*,Etsy Payments available via Payoneer for Egypt,Contradicts earlier assumption not available,https://help.etsy.com/hc/en-gb/articles/115015710408
KDP-POLICY,2026-10-07,low content repetitive content 2026,Medium KDP Enforcement,Article,"Repetitive interiors flagged, review expanded",https://medium.com/@keneade/amazon-kdp-enforcement-trends-in-2026
KDP-EGYPT,2026-10-07,KDP Egypt payout,Medium,Egypt listed,Supported countries for KDP Payments includes Egypt,https://medium.com/@mrbilalmohammadi01/make-money-with-amazon-kdp-in-2026-f5d5587a7ea1
